aX,aY,aZ,gX,gY,gZ
0.746,-0.574,0.195,-12.634,24.780,-123.657
0.683,-0.576,0.154,-18.433,29.358,-102.478
0.604,-0.540,0.116,-17.090,37.476,-74.097
0.627,-0.509,0.029,-10.925,42.236,-38.940
0.702,-0.586,-0.010,-1.953,39.551,-16.602
0.659,-0.625,-0.049,0.732,36.255,-17.334
0.594,-0.619,-0.094,-1.526,39.185,-23.926
0.609,-0.679,-0.152,-4.089,36.011,-18.433
0.558,-0.808,-0.175,-13.184,25.879,-10.681
0.666,-0.874,-0.158,-34.241,20.569,-2.686
0.387,-0.984,-0.164,-70.313,19.287,13.489
0.454,-1.085,-0.234,-106.995,27.466,29.541
0.478,-1.154,-0.246,-118.042,25.818,51.880
0.443,-1.203,-0.212,-114.319,14.099,77.332
0.349,-1.222,-0.173,-106.384,4.883,109.070
0.338,-1.211,-0.184,-96.008,0.244,135.986
0.274,-1.228,-0.213,-81.299,-0.366,158.569
0.198,-1.263,-0.264,-69.946,-2.075,179.138
0.125,-1.267,-0.355,-67.261,-4.822,201.782
0.046,-1.329,-0.445,-68.726,-10.620,229.980
0.003,-1.329,-0.542,-74.768,-23.865,261.108
-0.112,-1.275,-0.548,-81.543,-42.786,294.678
-0.226,-1.181,-0.495,-88.928,-59.631,330.933
-0.300,-1.016,-0.392,-97.229,-76.660,367.676
-0.465,-0.758,-0.196,-98.145,-94.543,408.081
-0.512,-0.428,0.024,-84.290,-108.765,447.815
-0.617,-0.002,0.262,-61.279,-115.906,479.370
-0.636,0.447,0.451,-38.757,-116.699,497.925
-0.546,0.817,0.599,-22.644,-112.915,499.023
-0.607,1.138,0.683,-22.461,-99.182,480.957
-0.493,1.337,0.633,-36.133,-73.853,448.242
-0.448,1.459,0.572,-55.359,-55.725,405.273
-0.418,1.568,0.518,-73.853,-46.753,363.892
-0.419,1.709,0.501,-85.266,-42.419,336.609
-0.397,1.884,0.548,-91.309,-40.771,322.327
-0.387,2.136,0.623,-102.783,-39.795,316.895
-0.368,2.413,0.678,-116.211,-32.410,313.904
-0.374,2.686,0.715,-119.873,-19.714,305.786
-0.347,2.945,0.667,-117.126,-2.441,287.476
-0.356,3.150,0.582,-108.459,13.855,260.986
-0.351,3.313,0.490,-95.215,24.841,229.248
-0.330,3.421,0.407,-84.412,31.433,193.054
-0.302,3.462,0.348,-73.425,35.889,152.954
-0.243,3.463,0.297,-64.331,37.476,106.934
-0.190,3.321,0.267,-61.707,38.147,55.908
-0.114,3.105,0.193,-68.848,40.100,11.414
-0.169,2.864,0.107,-79.895,42.542,-19.226
-0.092,2.592,0.003,-86.609,39.734,-46.082
-0.044,2.322,-0.001,-91.370,29.053,-67.261
0.020,2.116,0.014,-103.821,19.043,-79.590
0.075,1.940,0.060,-115.845,12.512,-90.576
0.135,1.770,0.112,-124.573,9.155,-101.807
0.142,1.588,0.141,-131.348,10.193,-111.877
0.194,1.400,0.144,-139.771,13.733,-124.939
0.246,1.240,0.120,-146.179,18.127,-133.118
0.270,1.105,0.085,-146.912,20.508,-136.902
0.293,0.927,0.059,-144.470,20.813,-139.526
0.325,0.756,0.032,-153.137,19.531,-140.564
0.328,0.642,0.023,-172.913,15.381,-135.376
0.288,0.584,0.030,-193.726,13.672,-126.526
0.260,0.552,0.020,-209.106,16.052,-115.295
0.267,0.558,-0.013,-219.543,20.752,-104.675
0.177,0.560,-0.061,-222.717,26.062,-96.436
0.192,0.512,-0.174,-219.238,32.959,-94.421
0.247,0.432,-0.262,-207.642,32.837,-94.971
0.251,0.387,-0.285,-191.589,26.428,-90.576
0.258,0.413,-0.299,-175.659,21.057,-79.285
0.354,0.480,-0.345,-161.926,20.752,-66.162
0.154,0.559,-0.349,-148.132,22.766,-57.312
0.161,0.564,-0.456,-138.000,30.029,-55.969
0.153,0.530,-0.550,-139.038,33.630,-55.542
0.123,0.556,-0.622,-155.212,28.015,-50.476
0.081,0.626,-0.674,-175.049,17.578,-43.213
0.064,0.612,-0.664,-185.364,3.540,-41.687
0.055,0.523,-0.596,-189.453,-11.169,-45.410
0.072,0.445,-0.535,-194.702,-20.874,-47.363
0.073,0.390,-0.505,-194.031,-23.865,-45.410
0.062,0.309,-0.510,-181.580,-22.400,-42.969
0.067,0.186,-0.522,-163.269,-18.433,-41.138
0.048,0.102,-0.578,-150.879,-14.038,-36.011
0.033,0.007,-0.655,-143.372,-11.414,-28.320
0.030,-0.103,-0.718,-137.024,-13.794,-21.240
0.009,-0.189,-0.802,-135.742,-17.212,-10.559
-0.004,-0.293,-0.871,-135.315,-23.926,2.136
-0.006,-0.415,-0.891,-135.986,-37.109,17.517
0.018,-0.502,-0.882,-139.465,-52.429,38.574
0.043,-0.585,-0.825,-138.733,-67.444,61.890
0.071,-0.667,-0.763,-130.676,-77.271,83.252
0.055,-0.774,-0.725,-116.699,-79.163,103.394
0.053,-0.897,-0.747,-96.924,-76.904,123.779
-0.001,-1.067,-0.795,-72.205,-74.951,145.813
-0.021,-1.343,-0.851,-48.584,-75.500,170.898
-0.041,-1.576,-0.913,-38.452,-80.933,205.872
-0.173,-1.702,-0.913,-36.682,-89.172,252.075
-0.305,-1.695,-0.868,-28.381,-98.816,305.237
-0.524,-1.484,-0.765,-3.418,-110.291,362.061
-0.660,-1.152,-0.655,36.987,-116.943,415.283
-0.753,-0.729,-0.433,75.928,-125.671,453.247
-0.775,-0.187,-0.190,95.154,-136.475,481.140
-0.796,0.306,-0.031,101.440,-130.676,493.408
-0.763,0.722,-0.016,103.577,-106.873,479.736
-0.731,1.108,-0.067,104.126,-86.121,452.209
-0.756,1.369,-0.118,108.887,-71.594,417.786
-0.738,1.462,-0.142,116.638,-59.265,372.925
-0.774,1.492,-0.091,123.474,-56.152,329.102
-0.841,1.521,-0.036,130.066,-51.208,298.950
-0.905,1.572,-0.063,134.583,-40.283,278.198
-0.972,1.590,-0.074,134.155,-32.349,261.719
-1.059,1.637,-0.021,120.605,-31.860,251.709
-1.111,1.782,0.029,95.581,-31.982,251.343
-1.151,2.015,0.152,78.735,-34.241,252.991
-1.214,2.333,0.328,74.341,-39.795,252.991
-1.238,2.630,0.449,72.388,-36.255,248.962
-1.168,2.835,0.424,70.984,-19.653,232.849
-0.946,2.831,0.295,74.402,1.160,201.599
-1.043,2.819,0.242,86.365,16.479,166.260
-0.842,2.756,0.150,88.989,22.827,121.216
-0.838,2.619,0.118,70.435,23.132,66.589
-0.715,2.354,0.034,44.678,26.245,10.559
0.663,0.012,0.089,-6.165,8.606,-156.372
0.656,0.049,0.101,-6.897,10.925,-146.912
0.646,0.047,0.104,-2.197,13.550,-140.991
0.615,-0.000,0.084,5.859,15.564,-139.587
0.681,-0.117,0.059,15.076,16.357,-142.761
0.694,-0.275,0.069,19.470,13.428,-147.644
0.731,-0.455,0.103,11.536,10.010,-149.597
0.736,-0.589,0.138,-8.118,6.470,-140.442
0.739,-0.668,0.156,-33.813,3.845,-120.056
0.753,-0.724,0.177,-55.359,1.465,-91.797
0.734,-0.746,0.212,-68.115,-1.221,-61.401
0.695,-0.758,0.253,-72.205,-2.563,-31.372
0.692,-0.785,0.318,-69.763,-0.610,-2.625
0.654,-0.781,0.374,-66.345,0.122,22.705
0.624,-0.790,0.444,-62.439,-3.601,41.443
0.568,-0.833,0.536,-56.946,-4.883,58.655
0.506,-0.896,0.637,-53.284,-3.784,73.975
0.512,-0.976,0.692,-54.016,-1.587,86.304
0.511,-1.074,0.779,-57.068,2.991,100.464
0.353,-1.160,0.901,-57.251,16.846,124.573
0.288,-1.195,0.879,-54.932,46.326,156.433
0.227,-1.177,0.731,-43.030,89.844,202.759
-0.062,-1.047,0.584,-10.254,135.925,262.451
-0.266,-0.842,0.450,41.992,162.537,322.876
-0.452,-0.586,0.416,91.675,160.767,376.404
-0.635,-0.226,0.428,111.511,145.752,422.180
-0.788,0.232,0.406,100.769,134.583,459.351
-0.871,0.747,0.341,78.552,131.042,482.483
-0.963,1.198,0.296,64.148,129.456,481.873
-0.982,1.544,0.282,59.998,122.925,457.825
-0.955,1.804,0.280,53.894,111.816,423.950
-0.966,1.979,0.258,33.325,109.985,391.418
-0.969,2.071,0.160,-3.296,113.647,353.149
-0.924,2.096,0.037,-44.922,113.464,311.157
-0.930,2.109,-0.042,-78.308,107.361,276.123
-0.926,2.162,-0.103,-95.093,101.929,255.066
-0.934,2.270,-0.169,-99.182,102.234,244.934
-0.937,2.448,-0.263,-96.069,106.567,238.892
-0.945,2.654,-0.376,-86.975,111.694,231.445
-0.875,2.816,-0.506,-69.458,115.295,217.651
-0.949,2.946,-0.563,-40.771,116.882,199.524
-0.926,3.069,-0.653,-6.592,119.202,180.298
-0.909,3.131,-0.712,17.883,116.760,154.419
-0.905,3.155,-0.751,29.053,107.544,122.620
-0.892,3.142,-0.804,25.452,96.497,86.670
-0.909,3.091,-0.841,9.705,80.872,47.607
-0.789,2.974,-0.896,-18.433,57.922,2.563
-0.709,2.719,-0.851,-56.213,27.893,-42.786
-0.639,2.439,-0.746,-105.835,-1.648,-76.233
-0.565,2.247,-0.640,-158.630,-25.879,-93.140
-0.481,2.129,-0.518,-192.444,-47.363,-102.783
-0.410,2.030,-0.388,-195.618,-63.354,-114.685
-0.333,1.893,-0.242,-176.819,-70.007,-130.737
-0.236,1.734,-0.094,-153.687,-68.604,-149.231
-0.207,1.575,0.007,-141.174,-61.035,-164.673
-0.129,1.440,0.015,-139.282,-43.823,-177.002
-0.080,1.288,-0.015,-143.188,-23.315,-189.941
-0.087,1.112,-0.079,-152.954,-7.507,-201.294
-0.040,0.928,-0.156,-168.762,4.028,-210.999
-0.061,0.771,-0.194,-189.087,6.042,-214.905
-0.099,0.632,-0.240,-212.219,1.404,-210.754
-0.047,0.485,-0.294,-229.797,-5.066,-201.233
0.039,0.354,-0.291,-236.633,-17.395,-189.270
0.055,0.258,-0.239,-235.718,-30.823,-174.194
0.127,0.172,-0.222,-231.323,-35.156,-158.142
0.193,0.128,-0.222,-221.436,-32.837,-142.517
0.228,0.127,-0.231,-206.604,-27.100,-127.075
0.260,0.114,-0.251,-188.232,-17.578,-114.014
0.250,0.067,-0.266,-171.875,-6.165,-106.873
0.247,0.030,-0.320,-164.551,6.104,-101.929
0.291,0.000,-0.389,-162.903,16.907,-95.276
0.118,-0.037,-0.419,-160.645,23.682,-86.792
0.163,-0.088,-0.515,-160.095,32.715,-82.092
0.122,-0.151,-0.581,-160.645,32.227,-74.951
0.083,-0.260,-0.628,-162.964,27.405,-65.796
0.090,-0.382,-0.673,-169.617,21.240,-56.458
0.095,-0.505,-0.685,-177.185,10.620,-45.166
0.075,-0.622,-0.655,-179.321,-0.610,-29.358
0.050,-0.708,-0.630,-174.683,-6.653,-9.705
0.021,-0.810,-0.636,-160.583,-7.446,12.024
-0.017,-0.959,-0.654,-140.198,-5.615,34.363
-0.017,-1.071,-0.739,-123.474,-3.052,60.791
-0.035,-1.153,-0.820,-109.009,-3.967,91.370
-0.075,-1.299,-0.850,-92.773,-13.977,120.056
-0.037,-1.510,-0.826,-77.942,-29.663,145.874
-0.083,-1.746,-0.703,-63.477,-46.082,174.316
-0.224,-2.017,-0.542,-45.044,-55.359,209.106
-0.278,-2.311,-0.437,-17.700,-55.542,250.427
-0.495,-2.434,-0.344,22.339,-49.255,304.932
-0.890,-2.322,-0.319,76.904,-32.593,379.028
-1.184,-2.062,-0.329,141.296,-20.386,461.182
-1.408,-1.549,-0.188,195.740,-36.255,536.194
-1.591,-0.782,0.058,219.727,-63.965,608.032
-1.646,0.047,0.215,216.797,-70.374,654.785
-1.695,0.817,0.271,207.275,-53.284,659.729
-1.591,1.447,0.214,199.402,-31.799,634.094
-1.625,1.686,0.241,194.153,-14.404,592.712
-1.705,1.945,0.169,198.425,8.667,544.800
-1.722,2.198,0.068,199.280,28.687,484.802
-1.823,2.436,0.032,193.970,26.917,426.819
-1.828,2.676,-0.015,180.115,19.470,376.953
-1.849,2.896,-0.052,161.682,12.085,330.383
-1.656,3.045,-0.151,145.020,7.935,273.560
-1.516,2.989,-0.159,127.136,4.639,195.679
-1.401,2.733,-0.122,104.187,5.432,113.403
-1.254,2.425,-0.100,79.163,14.282,50.720
-1.206,2.110,-0.099,57.068,24.658,10.864
-1.181,1.956,-0.169,45.166,34.607,-1.587
-1.072,1.834,-0.215,53.223,37.842,-4.883
-0.996,1.718,-0.196,67.993,34.241,-12.573
-0.904,1.655,-0.198,76.294,34.668,-19.226
-0.849,1.618,-0.190,80.994,37.415,-21.484
-0.739,1.602,-0.208,82.764,40.894,-25.696
-0.693,1.588,-0.256,81.787,44.067,-32.532
-0.619,1.569,-0.320,81.421,47.119,-38.940
-0.559,1.523,-0.357,80.566,47.119,-48.401
-0.508,1.462,-0.396,77.209,43.762,-58.105
-0.472,1.363,-0.451,69.580,42.664,-66.101
-0.438,1.260,-0.504,55.664,39.612,-72.876
0.043,0.611,0.306,28.442,115.845,-241.333
0.093,0.575,0.271,13.977,112.000,-234.680
0.132,0.540,0.246,7.507,104.370,-227.539
0.191,0.485,0.220,7.446,97.656,-220.825
0.265,0.428,0.196,11.353,94.238,-214.905
0.329,0.394,0.183,13.733,93.567,-208.313
0.357,0.378,0.176,11.658,95.459,-198.425
0.364,0.352,0.164,4.700,98.083,-188.782
0.389,0.310,0.133,-6.104,100.159,-184.692
0.429,0.260,0.092,-20.386,101.196,-185.852
0.462,0.200,0.050,-35.217,100.220,-188.354
0.486,0.141,0.008,-47.668,96.436,-189.148
0.487,0.090,-0.018,-55.542,90.210,-186.646
0.514,0.035,-0.035,-58.655,82.520,-181.824
0.533,-0.022,-0.034,-57.739,74.036,-175.537
0.561,-0.082,-0.025,-55.603,64.270,-167.297
0.572,-0.150,0.004,-54.626,55.664,-156.921
0.540,-0.214,0.040,-57.678,48.706,-146.240
0.532,-0.272,0.072,-65.613,44.434,-136.414
0.544,-0.346,0.095,-77.698,40.405,-126.953
0.552,-0.450,0.127,-92.529,34.180,-120.850
0.554,-0.592,0.196,-110.229,25.391,-122.253
0.544,-0.781,0.297,-133.911,14.343,-128.662
0.550,-0.985,0.409,-168.823,3.235,-133.972
0.527,-1.196,0.528,-214.844,-2.563,-133.118
0.401,-1.349,0.672,-264.465,-1.831,-125.183
0.275,-1.481,0.813,-311.829,7.568,-104.004
0.195,-1.614,0.911,-353.149,23.682,-70.313
0.186,-1.732,0.992,-383.728,47.668,-28.320
0.103,-1.695,1.047,-397.888,78.186,20.691
0.010,-1.623,1.096,-387.390,111.145,74.768
-0.015,-1.493,1.106,-338.623,144.104,125.916
-0.330,-1.265,1.100,-218.567,185.120,174.683
-0.603,-1.098,0.979,-39.368,234.497,239.990
-0.746,-0.928,0.781,125.977,267.151,318.359
-0.946,-0.511,0.627,223.633,277.832,403.870
-1.129,0.079,0.490,256.287,282.654,495.911
-1.365,0.823,0.299,246.643,291.321,583.130
-1.513,1.615,0.049,224.731,300.232,639.709
-1.480,2.297,-0.229,209.900,293.884,646.118
-1.399,2.802,-0.437,191.223,266.907,599.915
-1.332,3.089,-0.542,148.071,221.436,513.611
-1.199,3.168,-0.584,67.139,165.771,408.020
-1.094,3.115,-0.573,-46.936,119.263,308.716
-1.056,3.008,-0.573,-154.663,101.318,234.802
-0.971,2.916,-0.667,-212.036,103.271,185.303
-0.869,2.786,-0.782,-201.416,111.206,146.606
-0.769,2.619,-0.913,-149.536,120.972,115.784
-0.716,2.507,-1.088,-110.474,130.249,92.834
-0.654,2.434,-1.248,-99.243,134.277,75.500
-0.643,2.414,-1.367,-101.257,129.761,61.584
-0.642,2.410,-1.459,-102.478,122.559,48.767
-0.650,2.397,-1.511,-93.689,110.901,31.555
-0.646,2.381,-1.546,-79.529,96.130,14.160
-0.619,2.377,-1.570,-73.303,81.421,-0.977
-0.601,2.363,-1.553,-79.468,63.904,-17.639
-0.573,2.318,-1.491,-94.666,42.725,-39.490
-0.529,2.221,-1.414,-111.267,22.827,-64.514
-0.473,2.060,-1.312,-120.178,6.592,-91.064
-0.427,1.880,-1.195,-118.530,-6.470,-115.417
-0.364,1.685,-1.080,-111.145,-15.381,-136.230
-0.303,1.502,-0.995,-101.318,-19.531,-153.503
-0.284,1.321,-0.906,-91.064,-21.790,-168.030
-0.242,1.170,-0.851,-83.984,-22.644,-178.772
-0.189,1.028,-0.807,-79.346,-23.254,-184.937
-0.119,0.913,-0.745,-76.355,-25.391,-187.866
-0.181,0.843,-0.673,-81.787,-29.236,-191.833
-0.097,0.728,-0.639,-95.398,-27.283,-196.106
-0.111,0.629,-0.601,-108.521,-27.100,-194.519
-0.048,0.543,-0.573,-120.361,-28.137,-192.322
-0.054,0.449,-0.529,-129.822,-31.189,-187.073
0.014,0.340,-0.497,-138.306,-31.006,-179.199
0.086,0.262,-0.476,-148.743,-30.701,-170.044
0.042,0.203,-0.452,-156.555,-29.724,-161.011
0.098,0.135,-0.453,-157.715,-24.536,-154.358
0.109,0.055,-0.458,-153.137,-20.264,-147.766
0.130,-0.015,-0.470,-144.104,-17.944,-140.747
0.147,-0.072,-0.483,-130.493,-15.869,-132.080
0.162,-0.134,-0.486,-114.868,-14.099,-122.498
0.167,-0.182,-0.488,-101.624,-11.902,-111.389
0.167,-0.203,-0.497,-92.896,-8.545,-99.792
0.127,-0.215,-0.511,-87.769,-5.859,-88.074
0.136,-0.277,-0.548,-85.693,-2.808,-77.576
0.150,-0.349,-0.577,-86.670,-2.258,-65.308
0.135,-0.395,-0.596,-91.003,-5.493,-53.589
0.135,-0.424,-0.618,-93.079,-9.277,-39.368
0.112,-0.445,-0.622,-88.257,-13.428,-23.315
0.112,-0.491,-0.609,-77.148,-17.212,-9.338
0.107,-0.538,-0.585,-65.979,-20.447,3.479
0.085,-0.614,-0.561,-59.875,-20.447,18.616
0.046,-0.694,-0.552,-63.782,-16.235,36.560
0.027,-0.762,-0.601,-78.796,-10.559,57.312
-0.066,-0.839,-0.669,-93.140,-8.423,80.078
-0.078,-0.990,-0.764,-99.243,-10.498,101.074
-0.104,-1.197,-0.851,-99.426,-19.226,122.681
-0.094,-1.470,-0.901,-94.910,-31.311,149.841
-0.229,-1.748,-0.895,-84.106,-44.983,182.434
-0.338,-2.048,-0.873,-63.416,-51.758,223.328
-0.461,-2.245,-0.789,-29.053,-60.486,275.757
-0.824,-2.268,-0.605,17.944,-70.435,345.154
-1.163,-2.106,-0.416,74.097,-70.007,430.969
-1.458,-1.669,-0.273,132.935,-67.322,524.109
-1.784,-1.105,-0.169,187.256,-67.017,600.891
-1.845,-0.579,-0.076,224.976,-69.153,646.790
-1.911,0.106,0.077,236.511,-88.379,673.523
-1.926,0.959,0.190,233.276,-108.765,701.660
-1.895,1.732,0.145,233.582,-103.638,713.135
-1.501,2.135,-0.092,235.535,-79.651,670.837
-1.566,2.283,-0.094,224.365,-64.270,569.824
-1.419,2.290,-0.169,189.392,-56.458,447.998
-1.433,2.173,-0.163,126.282,-50.903,348.083
-1.605,2.114,-0.200,60.608,-41.382,292.175
-1.551,2.096,-0.285,24.597,-30.029,252.258
-1.586,2.048,-0.246,31.006,-32.715,220.398
-1.538,2.117,-0.206,51.147,-30.151,200.989
-1.466,2.275,-0.177,64.209,-24.719,185.364
-1.381,2.441,-0.171,67.566,-16.602,163.269
-1.286,2.521,-0.182,67.688,-5.859,131.042
-1.264,2.487,-0.209,67.810,7.202,91.431
0.300,0.252,-0.212,56.946,44.861,-280.090
0.358,0.156,-0.186,42.297,32.898,-270.020
0.407,0.063,-0.142,26.794,21.667,-258.484
0.465,-0.002,-0.080,11.169,11.047,-245.300
0.502,-0.054,-0.036,-3.479,3.662,-229.065
0.526,-0.096,-0.016,-14.893,3.479,-213.257
0.563,-0.138,-0.019,-20.203,6.287,-201.965
0.567,-0.195,-0.022,-17.578,7.385,-193.848
0.570,-0.285,-0.013,-10.559,7.141,-187.683
0.599,-0.409,0.002,-5.188,3.052,-182.617
0.625,-0.527,0.041,-5.493,-2.991,-174.805
0.620,-0.627,0.088,-14.099,-7.507,-161.743
0.635,-0.710,0.142,-28.259,-11.597,-145.691
0.635,-0.775,0.227,-42.664,-19.165,-128.845
0.612,-0.836,0.333,-54.565,-28.198,-110.962
0.600,-0.905,0.445,-61.340,-34.790,-93.079
0.577,-0.966,0.565,-61.829,-37.048,-76.660
0.504,-1.055,0.700,-58.472,-33.997,-59.631
0.470,-1.163,0.824,-54.626,-25.635,-39.551
0.421,-1.258,0.904,-55.054,-14.709,-16.541
0.414,-1.359,0.974,-57.678,-0.183,9.399
0.411,-1.463,1.047,-59.509,15.320,43.152
0.561,-1.719,1.202,-57.129,37.048,88.013
0.058,-1.538,1.302,-24.109,79.956,161.621
0.088,-1.359,1.138,20.203,119.812,221.680
0.038,-1.146,0.957,47.241,150.330,260.010
-0.115,-1.012,0.784,55.420,174.927,287.415
-0.305,-0.968,0.641,55.664,194.275,310.974
-0.533,-0.945,0.487,50.598,207.458,337.036
-0.723,-0.817,0.297,45.410,216.125,369.629
-0.898,-0.535,0.115,47.668,216.431,414.551
-1.081,-0.117,-0.008,62.439,200.989,465.515
-1.238,0.389,-0.044,86.426,171.753,508.118
-1.253,0.886,-0.007,111.938,134.949,540.833
-1.282,1.348,0.101,125.488,102.234,560.486
-1.304,1.768,0.196,117.859,86.243,559.692
-1.271,2.115,0.199,86.548,87.830,536.377
-1.192,2.447,0.087,39.368,98.572,494.080
-1.180,2.696,-0.058,-4.395,108.215,438.110
-1.220,2.896,-0.174,-31.250,111.084,381.714
-1.148,3.082,-0.300,-41.565,106.384,332.214
-1.092,3.196,-0.383,-44.067,99.365,284.058
-1.005,3.290,-0.481,-44.556,93.689,235.901
-0.928,3.309,-0.539,-45.715,86.670,182.983
-0.857,3.220,-0.559,-44.983,76.477,129.517
-0.775,3.057,-0.546,-42.908,66.223,82.581
-0.732,2.911,-0.523,-37.354,58.228,48.279
-0.681,2.816,-0.515,-26.978,53.894,26.245
-0.630,2.752,-0.518,-15.930,49.194,9.888
-0.606,2.704,-0.510,-12.756,43.091,-6.958
-0.567,2.642,-0.490,-20.508,32.227,-24.353
-0.511,2.562,-0.451,-37.109,18.311,-41.626
-0.461,2.490,-0.400,-60.059,5.737,-58.838
-0.405,2.389,-0.356,-85.388,-3.845,-79.346
-0.350,2.236,-0.288,-110.352,-12.329,-102.173
-0.308,2.085,-0.211,-136.780,-19.775,-123.962
-0.281,1.980,-0.160,-162.354,-23.987,-141.235
-0.246,1.870,-0.141,-177.612,-26.367,-156.006
-0.219,1.697,-0.108,-181.396,-28.015,-173.523
-0.190,1.500,-0.087,-184.387,-28.137,-192.017
-0.155,1.314,-0.076,-194.214,-28.320,-205.566
-0.129,1.153,-0.067,-207.031,-27.222,-212.646
-0.098,1.026,-0.064,-219.849,-25.085,-214.966
-0.064,0.918,-0.063,-229.187,-22.888,-216.064
-0.047,0.812,-0.069,-234.558,-19.714,-217.041
-0.010,0.708,-0.085,-234.497,-14.404,-218.201
0.023,0.596,-0.105,-229.126,-8.911,-218.933
0.057,0.479,-0.125,-220.215,-2.258,-218.567
0.103,0.358,-0.165,-212.341,7.263,-216.553
0.141,0.237,-0.218,-206.543,18.799,-212.769
0.134,0.120,-0.285,-203.369,30.090,-207.764
0.157,-0.002,-0.375,-198.608,39.063,-200.500
0.174,-0.114,-0.459,-190.674,43.213,-189.697
0.180,-0.206,-0.522,-178.894,42.419,-174.194
0.177,-0.266,-0.575,-164.551,38.086,-154.968
0.167,-0.308,-0.618,-147.522,31.799,-134.399
0.180,-0.337,-0.651,-129.333,23.499,-114.197
0.178,-0.354,-0.672,-109.924,15.564,-94.360
0.183,-0.386,-0.683,-91.553,7.507,-77.515
0.175,-0.433,-0.678,-76.233,1.221,-63.049
0.149,-0.485,-0.676,-67.200,-1.953,-48.279
0.162,-0.518,-0.695,-65.552,-3.296,-30.396
0.144,-0.505,-0.712,-69.397,-7.690,-8.728
0.114,-0.460,-0.720,-71.899,-14.282,14.709
0.103,-0.409,-0.722,-69.031,-20.752,34.851
0.066,-0.372,-0.708,-61.768,-26.550,48.584
0.035,-0.370,-0.699,-54.016,-29.358,59.021
0.038,-0.397,-0.708,-51.086,-30.273,68.970
0.009,-0.416,-0.709,-54.871,-35.522,79.651
-0.024,-0.447,-0.721,-62.622,-40.466,92.285
-0.013,-0.541,-0.742,-74.219,-45.044,103.882
-0.039,-0.669,-0.745,-90.149,-53.101,112.671
-0.052,-0.809,-0.757,-108.765,-60.669,122.803
-0.069,-0.987,-0.753,-120.789,-68.176,138.428
-0.048,-1.191,-0.733,-117.920,-76.172,157.166
-0.106,-1.372,-0.671,-95.520,-81.909,181.030
-0.223,-1.504,-0.586,-52.246,-81.238,215.027
-0.338,-1.556,-0.529,3.906,-74.585,263.428
-0.590,-1.468,-0.500,64.514,-64.758,326.782
-0.750,-1.197,-0.488,122.253,-58.228,395.386
-0.893,-0.726,-0.411,170.288,-70.923,461.548
-1.030,-0.160,-0.271,206.909,-93.018,519.104
-1.118,0.417,-0.117,230.286,-105.896,559.753
-1.157,0.994,-0.012,236.755,-107.239,577.942
-1.143,1.521,0.043,227.112,-101.624,571.167
-1.075,1.931,0.058,206.299,-91.431,537.109
-1.189,2.130,0.104,182.129,-76.050,485.901
-1.297,2.309,0.139,165.833,-57.434,432.617
-1.285,2.415,0.123,146.423,-42.236,381.104
-1.347,2.607,0.107,126.587,-38.147,346.863
-1.264,2.809,0.096,116.882,-41.138,322.815
-1.240,3.024,0.164,116.089,-52.002,302.612
-1.194,3.154,0.241,116.821,-59.631,279.785
-1.090,3.172,0.252,109.131,-51.575,241.638
-0.906,3.124,0.178,89.539,-31.311,173.889
-0.782,2.935,0.089,65.369,-9.094,79.834
-0.759,2.545,0.026,49.438,13.245,-15.930
-0.726,2.071,-0.048,42.236,30.518,-80.261
-0.621,1.700,-0.146,35.339,34.851,-102.417
-0.041,0.969,0.508,38.147,74.524,-256.531
-0.059,0.848,0.422,49.561,90.759,-263.855
-0.033,0.682,0.349,56.458,99.060,-270.508
0.055,0.558,0.311,52.246,98.267,-272.461
0.020,0.491,0.284,37.476,88.806,-265.137
0.092,0.416,0.262,21.667,82.153,-254.761
0.232,0.359,0.251,4.822,72.693,-247.864
0.309,0.324,0.261,-7.202,59.570,-240.845
0.364,0.258,0.284,-11.047,52.856,-233.459
0.414,0.176,0.307,-9.521,53.101,-228.271
0.482,0.074,0.326,-4.395,54.321,-224.487
0.505,-0.013,0.354,1.404,56.213,-216.675
0.509,-0.070,0.358,5.127,60.852,-203.186
0.555,-0.120,0.322,11.536,66.650,-188.110
0.594,-0.181,0.285,24.719,70.618,-175.415
0.566,-0.254,0.267,41.870,72.144,-165.161
0.586,-0.360,0.227,56.030,73.792,-154.602
0.617,-0.491,0.193,61.523,73.486,-142.456
0.632,-0.611,0.193,55.664,67.871,-128.784
0.626,-0.725,0.232,39.001,59.814,-111.084
0.633,-0.828,0.284,15.320,50.659,-89.417
0.635,-0.903,0.336,-8.301,42.053,-65.308
0.633,-0.980,0.397,-23.987,39.246,-36.926
0.584,-1.023,0.452,-31.799,42.358,-8.057
0.519,-1.090,0.471,-34.180,51.941,20.203
0.423,-1.225,0.482,-30.212,63.049,48.340
0.359,-1.414,0.477,-26.733,70.984,73.914
0.330,-1.612,0.477,-28.381,74.463,103.271
0.212,-1.778,0.547,-33.875,78.064,142.395
0.109,-1.839,0.548,-39.307,91.064,194.702
-0.135,-1.757,0.501,-34.790,120.178,261.963
-0.505,-1.520,0.415,-10.193,159.241,341.980
-0.784,-1.087,0.329,31.372,185.852,418.823
-1.026,-0.473,0.302,73.059,183.105,482.544
-1.286,0.174,0.344,105.591,162.720,532.654
-1.367,0.762,0.368,132.324,142.700,558.716
-1.315,1.335,0.386,160.217,118.042,561.707
-1.274,1.840,0.471,196.411,91.858,549.561
-1.184,2.150,0.603,233.032,79.285,515.747
-1.028,2.274,0.700,251.587,80.261,459.106
-0.906,2.276,0.714,242.737,95.947,390.015
-0.889,2.241,0.656,216.553,122.498,325.623
-0.930,2.276,0.549,192.139,146.729,278.992
-0.970,2.376,0.444,181.763,155.762,256.653
-0.949,2.519,0.388,181.458,146.851,251.343
-0.891,2.695,0.399,174.683,131.531,247.314
-0.845,2.850,0.452,152.100,117.798,236.267
-0.799,2.962,0.497,115.173,107.178,212.280
-0.789,3.003,0.518,73.547,98.694,174.133
-0.797,2.968,0.514,36.194,91.553,125.122
-0.699,2.859,0.498,7.690,83.862,75.256
-0.700,2.709,0.467,-14.954,71.350,33.813
-0.579,2.523,0.486,-31.616,53.040,-3.296
-0.551,2.333,0.595,-44.434,34.302,-31.006
-0.466,2.186,0.656,-61.401,28.137,-46.448
-0.426,2.138,0.641,-84.717,33.508,-55.420
-0.391,2.116,0.569,-104.492,40.771,-67.200
-0.350,2.084,0.493,-120.117,46.143,-81.116
-0.296,2.040,0.421,-137.085,47.729,-94.543
-0.282,2.006,0.380,-158.630,41.931,-110.657
-0.201,1.949,0.363,-182.739,34.119,-131.042
-0.153,1.848,0.329,-209.656,28.809,-155.396
-0.160,1.670,0.323,-234.680,22.278,-186.462
-0.301,1.443,0.299,-263.367,21.057,-217.224
-0.322,1.168,0.192,-298.645,30.090,-240.112
-0.252,0.894,0.052,-336.792,36.499,-250.427
-0.137,0.690,-0.041,-369.629,26.978,-246.338
-0.077,0.598,-0.077,-390.198,6.287,-229.675
-0.004,0.570,-0.067,-392.090,-11.719,-204.529
0.046,0.565,-0.038,-381.409,-20.325,-181.458
0.112,0.543,-0.021,-365.723,-16.174,-169.189
0.180,0.482,-0.033,-352.783,-3.357,-166.992
0.184,0.414,-0.075,-347.290,15.991,-168.335
0.175,0.333,-0.156,-344.604,37.781,-170.837
0.170,0.233,-0.267,-337.036,56.396,-173.828
0.157,0.113,-0.370,-321.533,69.153,-176.270
0.125,0.000,-0.457,-297.668,76.172,-175.964
-0.023,-0.139,-0.531,-270.752,79.102,-171.265
0.055,-0.319,-0.673,-247.375,80.872,-160.767
0.099,-0.453,-0.771,-229.675,68.604,-140.808
0.087,-0.513,-0.800,-214.722,47.058,-112.061
0.087,-0.526,-0.810,-201.843,26.733,-80.872
0.104,-0.504,-0.805,-187.073,9.949,-53.040
0.100,-0.483,-0.774,-167.908,-4.761,-30.701
0.109,-0.493,-0.735,-145.264,-16.418,-13.367
0.117,-0.538,-0.669,-124.023,-23.743,-1.282
0.098,-0.568,-0.628,-109.619,-24.597,12.024
0.071,-0.590,-0.641,-100.159,-19.470,28.687
0.034,-0.649,-0.689,-87.646,-13.245,44.128
-0.012,-0.762,-0.762,-74.097,-9.094,58.289
-0.070,-0.949,-0.833,-63.538,-11.597,75.378
-0.089,-1.188,-0.914,-61.951,-22.156,95.825
-0.102,-1.452,-0.951,-63.538,-42.358,122.925
-0.228,-1.687,-0.892,-57.739,-66.589,156.799
-0.329,-1.874,-0.789,-36.621,-85.266,198.547
-0.514,-1.921,-0.596,5.432,-100.830,252.930
-0.857,-1.769,-0.347,65.308,-111.816,324.646
-1.136,-1.376,-0.164,132.080,-113.220,410.339
-1.281,-0.712,-0.115,198.730,-114.807,500.366
-1.430,-0.002,-0.127,261.780,-125.488,574.524
-1.374,0.579,-0.123,313.293,-139.526,615.601
-1.230,1.137,-0.099,328.796,-167.053,621.826
-1.063,1.682,-0.048,294.312,-197.510,600.586
-0.890,2.072,0.028,226.379,-208.618,544.861
-0.714,2.196,0.116,154.663,-193.115,448.730
-0.653,1.951,0.234,101.440,-157.043,325.867
-0.634,1.510,0.291,71.411,-107.910,223.389
-0.964,1.336,0.298,53.955,-64.026,184.753
-1.125,1.610,0.187,56.274,-40.283,220.337
-1.231,2.267,0.064,84.900,-35.706,275.330
-1.146,2.842,-0.014,127.563,-45.288,300.598
-1.042,3.052,0.096,158.203,-60.242,284.119
-1.056,3.106,0.270,158.936,-70.923,249.023
-0.949,3.139,0.310,124.939,-64.392,197.998
-0.852,3.071,0.276,85.632,-48.218,125.488
-0.676,2.803,0.210,57.617,-29.846,36.804
-0.608,2.354,0.219,39.795,-15.503,-42.480
-0.484,1.941,0.209,26.245,-4.456,-86.304
-0.371,1.645,0.168,19.409,5.676,-100.708
0.232,0.359,0.251,4.822,72.693,-247.864
0.309,0.324,0.261,-7.202,59.570,-240.845
0.364,0.258,0.284,-11.047,52.856,-233.459
0.414,0.176,0.307,-9.521,53.101,-228.271
0.482,0.074,0.326,-4.395,54.321,-224.487
0.505,-0.013,0.354,1.404,56.213,-216.675
0.509,-0.070,0.358,5.127,60.852,-203.186
0.555,-0.120,0.322,11.536,66.650,-188.110
0.594,-0.181,0.285,24.719,70.618,-175.415
0.566,-0.254,0.267,41.870,72.144,-165.161
0.586,-0.360,0.227,56.030,73.792,-154.602
0.617,-0.491,0.193,61.523,73.486,-142.456
0.632,-0.611,0.193,55.664,67.871,-128.784
0.626,-0.725,0.232,39.001,59.814,-111.084
0.633,-0.828,0.284,15.320,50.659,-89.417
0.635,-0.903,0.336,-8.301,42.053,-65.308
0.633,-0.980,0.397,-23.987,39.246,-36.926
0.584,-1.023,0.452,-31.799,42.358,-8.057
0.519,-1.090,0.471,-34.180,51.941,20.203
0.423,-1.225,0.482,-30.212,63.049,48.340
0.359,-1.414,0.477,-26.733,70.984,73.914
0.330,-1.612,0.477,-28.381,74.463,103.271
0.212,-1.778,0.547,-33.875,78.064,142.395
0.109,-1.839,0.548,-39.307,91.064,194.702
-0.135,-1.757,0.501,-34.790,120.178,261.963
-0.505,-1.520,0.415,-10.193,159.241,341.980
-0.784,-1.087,0.329,31.372,185.852,418.823
-1.026,-0.473,0.302,73.059,183.105,482.544
-1.286,0.174,0.344,105.591,162.720,532.654
-1.367,0.762,0.368,132.324,142.700,558.716
-1.315,1.335,0.386,160.217,118.042,561.707
-1.274,1.840,0.471,196.411,91.858,549.561
-1.184,2.150,0.603,233.032,79.285,515.747
-1.028,2.274,0.700,251.587,80.261,459.106
-1.217,0.815,-0.601,216.431,-76.904,539.246
-1.224,1.400,-0.456,239.258,-101.929,542.114
-1.256,1.896,-0.283,241.028,-120.789,522.156
-1.216,2.275,-0.181,210.144,-119.019,473.206
-1.220,2.593,-0.178,147.949,-100.708,401.306
-1.186,2.748,-0.241,82.520,-77.881,314.026
-1.282,2.653,-0.245,34.546,-66.467,235.352
-1.266,2.530,-0.307,4.333,-56.152,188.599
-1.196,2.471,-0.352,-1.648,-52.246,163.940
-1.050,2.501,-0.344,15.808,-56.396,150.269
-0.870,2.564,-0.318,39.673,-57.495,136.108
-0.714,2.633,-0.307,55.237,-48.706,114.624
-0.615,2.620,-0.276,58.716,-40.894,84.534
-0.546,2.528,-0.222,50.171,-38.513,49.805
-0.508,2.332,-0.169,32.593,-34.119,10.803
-0.447,2.083,-0.163,15.991,-22.949,-25.879
-0.373,1.826,-0.178,9.766,-9.216,-56.763
-0.284,1.561,-0.244,14.709,1.892,-75.989
-0.217,1.332,-0.347,23.071,10.010,-81.421
-0.131,1.190,-0.468,30.151,14.404,-77.209
-0.062,1.096,-0.549,37.354,14.160,-69.824
-0.013,1.024,-0.585,42.114,9.460,-63.660
0.020,0.976,-0.595,40.466,4.578,-58.472
0.027,0.952,-0.604,35.095,2.747,-52.917
0.030,0.929,-0.608,30.334,2.075,-48.157
0.029,0.902,-0.588,28.381,-0.793,-44.739
0.025,0.876,-0.551,28.870,-4.395,-41.931
0.007,0.860,-0.514,29.846,-5.981,-37.720
-0.003,0.852,-0.489,28.992,-6.165,-33.691
-0.020,0.844,-0.464,26.123,-6.165,-30.457
-0.019,0.836,-0.440,20.935,-7.202,-27.588
-0.021,0.841,-0.415,15.076,-8.301,-24.414
-0.026,0.850,-0.391,11.780,-8.118,-21.973
-0.023,0.844,-0.363,12.268,-6.958,-21.240
-0.015,0.822,-0.348,13.306,-4.333,-22.156
-0.009,0.795,-0.357,12.634,0.732,-21.667
-0.007,0.778,-0.376,11.169,5.737,-18.921
-0.010,0.769,-0.390,10.559,8.240,-15.320
-0.018,0.775,-0.401,11.902,9.644,-11.047
-0.019,0.789,-0.420,13.794,10.620,-6.653
-0.018,0.800,-0.444,15.076,11.780,-3.784
-0.023,0.810,-0.457,14.648,12.146,-2.991
-0.026,0.816,-0.458,13.184,11.414,-2.502
-0.034,0.825,-0.453,11.169,10.254,-1.770
-0.042,0.841,-0.444,10.132,9.949,-0.610
-0.046,0.855,-0.431,11.292,10.010,0.122
-0.049,0.866,-0.420,13.794,10.193,-0.671
-0.062,0.866,-0.421,17.273,12.329,-1.953
-0.060,0.853,-0.437,20.081,15.686,-3.052
-0.081,0.844,-0.452,20.508,18.005,-3.906
-0.100,0.850,-0.471,20.813,19.043,-3.601
-0.115,0.865,-0.495,25.085,18.799,-1.953
-0.126,0.879,-0.507,32.776,18.372,0.183
-0.138,0.900,-0.515,37.476,17.639,2.197
-0.147,0.935,-0.517,36.682,15.259,4.700
-0.164,0.982,-0.507,32.227,11.475,6.165
-0.179,1.029,-0.488,29.663,8.606,6.470
-0.193,1.082,-0.452,31.921,6.653,4.944
-0.199,1.141,-0.413,39.307,5.615,2.563
-0.210,1.208,-0.370,51.025,7.141,-0.549
-0.213,1.280,-0.339,67.627,11.841,-4.639
-0.214,1.337,-0.342,87.524,18.555,-11.108
-0.200,1.353,-0.367,107.666,28.748,-18.860
-0.207,1.359,-0.402,119.873,38.330,-27.222
-0.218,1.379,-0.432,122.070,42.908,-33.936
-0.227,1.417,-0.442,120.544,40.100,-37.659
-0.227,1.476,-0.410,121.582,33.020,-40.710
-0.217,1.534,-0.326,127.747,23.926,-45.898
-0.199,1.583,-0.230,137.634,17.456,-53.284
-0.170,1.610,-0.155,149.292,18.188,-63.171
-0.152,1.597,-0.103,161.377,26.794,-75.928
-0.129,1.538,-0.091,169.250,40.466,-90.576
-0.118,1.466,-0.114,172.363,55.237,-103.394
-0.100,1.388,-0.155,172.119,65.674,-112.793
-0.081,1.314,-0.191,170.593,69.763,-117.615
-0.065,1.250,-0.203,167.114,67.749,-118.896
-0.031,1.207,-0.190,160.156,62.439,-118.225
0.016,1.162,-0.171,149.719,56.335,-115.356
0.032,1.161,-0.137,137.573,48.218,-111.877
0.050,1.184,-0.085,124.207,38.757,-110.718
0.085,1.214,-0.035,111.206,32.104,-110.291
0.110,1.224,0.013,99.487,29.663,-113.342
0.137,1.199,0.037,89.111,34.424,-120.239
0.149,1.153,0.030,80.200,42.053,-130.981
0.157,1.085,0.018,75.562,47.852,-142.029
0.486,0.128,-0.063,87.891,53.406,-224.548
0.498,0.064,-0.055,87.280,47.180,-222.717
0.498,0.002,-0.047,82.764,42.236,-218.262
0.501,-0.042,-0.032,74.707,40.161,-212.097
0.485,-0.078,-0.039,65.857,38.208,-206.055
0.478,-0.129,-0.068,59.814,38.025,-202.026
0.504,-0.237,-0.101,55.420,39.368,-200.745
0.569,-0.368,-0.140,46.875,35.950,-202.393
0.585,-0.492,-0.163,28.687,28.259,-206.482
0.579,-0.644,-0.142,1.038,16.724,-210.449
0.553,-0.805,-0.089,-34.790,2.563,-208.923
0.521,-0.950,-0.019,-79.895,-14.099,-201.660
0.458,-1.090,0.072,-128.723,-31.860,-188.293
0.437,-1.201,0.185,-175.415,-49.744,-169.556
0.431,-1.283,0.319,-210.205,-70.251,-143.250
1.040,-1.723,0.501,-222.473,-84.290,-107.300
0.110,-1.728,1.088,-178.406,-54.321,-28.320
0.212,-1.803,1.104,-71.899,-1.892,70.618
0.369,-1.730,0.905,14.526,39.185,136.780
0.452,-1.669,0.669,45.532,66.528,184.753
0.411,-1.638,0.522,29.541,82.581,217.957
0.240,-1.613,0.437,-2.991,85.510,248.169
0.054,-1.612,0.345,-29.236,85.876,284.973
-0.127,-1.562,0.221,-45.776,92.102,326.843
-0.332,-1.358,0.158,-54.688,93.689,369.873
-0.573,-0.901,0.180,-60.181,73.914,418.518
-0.722,-0.295,0.288,-60.852,42.175,469.788
-0.847,0.274,0.474,-49.744,27.283,507.751
-0.888,0.835,0.552,-36.865,39.001,526.855
-0.971,1.273,0.531,-25.940,61.035,525.574
-0.846,1.587,0.402,-17.700,82.397,505.432
-0.797,1.731,0.270,-21.484,96.375,468.506
-0.735,1.830,0.095,-48.523,105.469,422.119
-0.693,1.877,-0.086,-87.585,108.093,378.784
-0.675,1.938,-0.219,-120.667,103.882,343.201
-0.703,2.134,-0.312,-136.475,96.497,320.984
-0.679,2.389,-0.375,-128.296,91.248,314.270
-0.643,2.602,-0.422,-104.248,90.698,312.744
-0.619,2.838,-0.507,-87.830,96.924,303.284
-0.614,3.070,-0.606,-78.369,100.525,281.128
-0.565,3.254,-0.702,-66.345,95.093,245.483
-0.510,3.306,-0.749,-51.147,86.487,198.730
-0.463,3.259,-0.773,-44.067,77.942,143.066
-0.426,3.125,-0.796,-48.035,69.275,83.984
-0.386,2.913,-0.822,-58.105,59.692,30.579
-0.342,2.681,-0.838,-69.153,48.767,-7.690
-0.286,2.515,-0.831,-74.097,33.203,-30.212
-0.213,2.384,-0.772,-69.824,15.381,-43.030
-0.183,2.271,-0.671,-68.054,0.000,-54.382
-0.111,2.202,-0.568,-74.036,-8.606,-67.383
-0.088,2.135,-0.466,-80.078,-13.733,-81.909
-0.067,2.041,-0.384,-80.444,-15.686,-97.412
-0.053,1.901,-0.296,-79.895,-15.442,-115.662
-0.028,1.763,-0.242,-85.754,-13.123,-134.094
0.012,1.607,-0.201,-96.863,-11.475,-151.306
0.052,1.432,-0.158,-110.596,-11.108,-167.419
0.084,1.244,-0.113,-127.075,-11.780,-182.495
0.113,1.068,-0.067,-144.531,-11.902,-193.848
0.119,0.901,-0.029,-159.607,-10.071,-201.355
0.134,0.738,-0.011,-169.556,-4.395,-203.857
0.143,0.594,-0.020,-176.086,3.967,-201.965
0.166,0.447,-0.044,-177.917,12.146,-195.862
0.200,0.315,-0.068,-176.636,18.921,-186.096
0.210,0.220,-0.097,-175.171,23.926,-172.668
0.228,0.140,-0.138,-171.936,27.771,-157.410
0.261,0.069,-0.183,-163.757,32.898,-139.954
0.260,0.005,-0.243,-156.372,39.551,-123.230
0.287,-0.040,-0.339,-153.442,46.936,-107.727
0.291,-0.059,-0.435,-151.917,50.903,-92.651
0.280,-0.061,-0.515,-147.156,51.208,-78.491
0.281,-0.071,-0.560,-139.282,47.852,-64.758
0.265,-0.070,-0.572,-133.057,42.969,-51.331
0.256,-0.038,-0.597,-133.789,40.894,-40.039
0.221,0.003,-0.638,-134.399,41.382,-32.898
0.177,0.015,-0.673,-127.930,42.053,-30.457
0.128,-0.014,-0.715,-116.943,41.260,-32.043
0.123,-0.082,-0.763,-105.103,39.307,-33.020
0.086,-0.146,-0.817,-95.276,35.339,-29.968
0.069,-0.225,-0.873,-90.271,32.715,-23.071
0.016,-0.273,-0.940,-93.811,28.259,-13.184
0.014,-0.308,-0.998,-100.281,19.775,-1.953
-0.004,-0.327,-1.004,-99.915,3.540,10.071
-0.026,-0.322,-0.977,-91.431,-13.245,22.949
-0.022,-0.307,-0.947,-76.477,-24.780,36.377
-0.036,-0.274,-0.932,-59.021,-31.067,47.729
-0.040,-0.265,-0.946,-38.757,-34.180,52.063
-0.055,-0.335,-0.942,-16.846,-38.513,52.124
-0.036,-0.396,-0.939,-2.563,-45.227,54.626
-0.067,-0.416,-0.953,2.319,-51.880,65.613
-0.104,-0.436,-0.996,6.836,-55.420,81.116
-0.066,-0.489,-1.056,14.404,-62.134,92.529
-0.099,-0.568,-1.047,23.376,-78.064,101.685
-0.082,-0.724,-1.035,28.442,-93.933,114.929
-0.001,-0.855,-1.022,25.635,-109.009,130.310
-0.018,-0.944,-0.943,24.963,-124.756,152.832
0.018,-1.034,-0.846,35.706,-133.728,180.847
0.034,-1.119,-0.736,55.847,-136.108,211.853
-0.036,-1.113,-0.627,77.515,-129.333,247.009
-0.200,-1.038,-0.521,99.854,-118.042,288.208
-0.373,-0.817,-0.365,118.774,-112.488,331.543
-0.534,-0.355,-0.197,128.845,-118.347,381.226
-0.687,0.206,-0.018,137.695,-123.108,427.795
-0.925,0.808,0.185,143.311,-115.662,454.346
-1.107,1.504,0.309,139.648,-107.178,466.919
-1.238,2.174,0.377,136.292,-95.337,481.262
-1.170,2.709,0.343,134.888,-79.346,481.079
-1.281,3.006,0.448,139.404,-66.589,460.388
-1.395,3.276,0.572,154.358,-57.007,436.279
-1.338,3.497,0.586,162.659,-47.424,414.246
-1.350,3.601,0.570,159.180,-34.546,388.489
-1.194,3.641,0.431,140.991,-10.254,341.370
-1.089,3.620,0.193,108.215,5.981,263.000
-0.808,3.558,-0.030,70.862,10.010,151.245
-0.657,3.208,-0.057,37.109,0.977,22.339
-0.650,2.622,0.039,8.484,-6.165,-87.158
-0.585,2.091,0.038,-18.066,6.287,-148.804
-0.401,1.689,-0.079,-31.677,26.123,-171.875
-0.240,1.354,-0.202,-21.240,29.907,-173.462
-0.079,1.059,-0.268,1.953,21.484,-164.856
0.383,0.281,-0.041,91.797,70.496,-201.721
0.405,0.234,-0.025,72.876,62.012,-197.571
0.438,0.193,-0.015,53.223,52.612,-193.359
0.458,0.159,-0.019,36.682,45.166,-188.538
0.464,0.107,-0.028,26.611,41.931,-185.364
0.498,0.037,-0.035,24.353,38.757,-186.340
0.490,-0.047,-0.039,27.405,33.691,-189.453
0.493,-0.164,-0.030,32.288,28.931,-192.627
0.542,-0.305,-0.019,34.485,22.400,-193.970
0.575,-0.454,0.009,29.785,12.390,-192.444
0.615,-0.608,0.063,15.259,2.808,-186.890
0.657,-0.794,0.145,-12.817,-4.517,-175.903
0.685,-0.939,0.244,-57.861,-7.263,-158.569
0.648,-1.054,0.327,-114.868,-4.456,-131.470
0.581,-1.130,0.401,-167.542,4.822,-96.680
0.528,-1.144,0.418,-202.454,17.334,-57.983
0.544,-1.156,0.376,-208.557,32.349,-21.667
0.456,-1.207,0.374,-180.969,46.875,10.071
0.394,-1.320,0.361,-131.958,58.167,44.617
0.384,-1.450,0.350,-79.834,63.721,83.496
0.392,-1.595,0.349,-37.720,65.674,131.409
0.314,-1.629,0.354,-16.174,72.510,190.491
0.090,-1.512,0.350,-12.939,89.172,256.226
-0.125,-1.215,0.318,-16.785,104.614,317.444
-0.309,-0.791,0.299,-10.620,109.070,375.427
-0.443,-0.314,0.325,10.071,104.492,430.115
-0.635,0.216,0.374,32.104,101.135,477.173
-0.720,0.819,0.373,45.471,103.210,509.766
-0.839,1.380,0.378,55.359,102.783,525.879
-0.897,1.818,0.378,58.044,103.577,521.912
-0.859,2.157,0.343,40.588,103.516,491.760
-0.793,2.392,0.276,0.061,97.839,438.416
-0.742,2.525,0.209,-48.706,94.482,371.582
-0.719,2.573,0.136,-86.365,95.703,304.321
-0.667,2.560,0.038,-99.670,104.126,248.047
-0.667,2.537,-0.048,-91.003,113.647,210.754
-0.616,2.581,-0.191,-74.463,121.582,192.078
-0.566,2.680,-0.386,-61.157,132.690,181.580
-0.540,2.784,-0.568,-50.842,141.235,166.321
-0.500,2.843,-0.701,-42.786,138.672,142.029
-0.470,2.838,-0.766,-38.696,127.869,110.718
-0.451,2.752,-0.784,-41.199,113.159,72.021
-0.418,2.616,-0.809,-47.241,98.877,32.410
-0.388,2.426,-0.849,-54.199,88.684,-2.136
-0.289,2.228,-0.874,-58.899,79.834,-28.381
-0.303,2.090,-0.881,-60.120,67.871,-44.434
-0.244,1.957,-0.843,-55.054,51.147,-56.458
-0.196,1.846,-0.783,-50.476,37.292,-62.317
-0.148,1.785,-0.734,-50.415,29.053,-65.125
-0.123,1.755,-0.682,-54.626,22.827,-68.054
-0.074,1.732,-0.669,-62.744,19.653,-71.655
-0.078,1.666,-0.641,-71.960,19.592,-78.857
-0.059,1.597,-0.626,-81.604,17.883,-89.783
-0.038,1.509,-0.582,-89.783,11.353,-104.004
-0.042,1.417,-0.509,-95.520,2.991,-115.479
0.001,1.340,-0.449,-101.990,-2.747,-126.160
0.009,1.254,-0.392,-106.262,-6.226,-136.414
0.009,1.147,-0.343,-107.788,-7.935,-148.254
0.019,1.019,-0.306,-107.971,-7.080,-161.011
0.033,0.869,-0.282,-109.314,-4.456,-171.875
0.036,0.711,-0.294,-113.159,1.221,-178.406
0.047,0.570,-0.353,-119.690,8.850,-178.894
0.098,0.436,-0.432,-125.366,14.343,-174.011
0.158,0.331,-0.501,-126.892,12.695,-164.856
0.180,0.268,-0.550,-123.169,3.357,-152.710
0.218,0.220,-0.570,-113.281,-7.996,-140.381
0.275,0.167,-0.557,-100.769,-16.602,-126.282
0.282,0.142,-0.514,-94.543,-19.653,-110.229
0.272,0.177,-0.502,-99.182,-13.733,-92.773
0.270,0.243,-0.540,-103.882,-4.089,-78.064
0.262,0.284,-0.601,-100.525,4.272,-70.984
0.229,0.281,-0.652,-90.820,10.315,-71.716
0.203,0.265,-0.699,-81.787,12.207,-74.951
0.188,0.234,-0.732,-76.050,8.606,-76.721
0.179,0.194,-0.749,-71.655,1.770,-77.515
0.183,0.136,-0.749,-65.979,-5.188,-78.430
0.172,0.080,-0.727,-59.265,-11.658,-79.224
0.181,0.028,-0.690,-53.772,-18.860,-77.759
0.154,-0.013,-0.647,-51.514,-24.780,-71.228
0.153,-0.006,-0.616,-54.321,-26.550,-62.683
0.157,0.002,-0.596,-59.937,-29.480,-54.626
0.148,-0.018,-0.607,-66.162,-30.273,-49.377
0.156,-0.069,-0.664,-74.585,-24.170,-50.720
0.128,-0.138,-0.733,-82.886,-18.738,-55.786
0.091,-0.238,-0.803,-87.891,-17.944,-61.401
0.023,-0.365,-0.865,-88.074,-21.851,-66.406
0.020,-0.520,-0.925,-85.449,-32.471,-71.594
0.053,-0.743,-0.940,-82.764,-50.537,-72.571
-0.001,-0.977,-0.915,-87.402,-70.557,-67.444
0.016,-1.288,-0.913,-101.318,-88.013,-59.143
0.197,-1.637,-0.918,-120.300,-104.614,-45.227
0.171,-2.003,-0.838,-131.897,-120.667,-21.362
0.137,-2.376,-0.711,-127.136,-126.160,14.893
0.026,-2.576,-0.580,-111.389,-123.840,73.486
-0.234,-2.496,-0.450,-91.858,-108.948,163.208
-0.738,-2.125,-0.258,-50.598,-84.534,294.434
-1.178,-1.270,-0.099,29.602,-73.669,460.144
-1.543,-0.158,0.048,148.682,-88.867,626.587
-1.808,0.957,0.227,270.325,-112.488,752.930
-2.016,1.978,0.478,362.793,-134.155,831.055
-2.194,2.784,0.741,404.175,-168.579,873.291
-2.185,3.283,0.873,370.972,-176.453,878.845
-2.110,3.641,0.761,277.100,-161.499,836.548
-1.714,3.997,0.510,166.626,-144.287,704.407
-1.069,4.000,0.400,86.060,-132.690,487.183
-1.018,3.708,0.655,38.818,-121.765,250.061
-1.103,3.103,0.828,2.319,-93.567,83.252
-0.975,2.657,0.736,-16.541,-52.795,13.489
-0.906,2.362,0.505,-6.226,-14.404,-0.732
-0.546,2.147,0.258,18.372,12.573,-7.141
-0.407,1.886,0.168,27.832,12.207,-15.625
-0.284,1.713,0.090,3.052,4.028,-22.156
-0.221,1.607,0.016,-26.367,2.808,-27.527
-0.188,1.512,-0.031,-30.518,4.822,-32.410
-0.158,1.429,-0.067,-15.930,8.301,-33.630
-0.133,1.388,-0.114,-1.282,12.878,-28.625
-0.096,1.372,-0.172,5.676,16.663,-22.522
-0.062,1.350,-0.229,9.094,18.860,-21.362
-0.044,1.303,-0.262,14.404,19.897,-26.489
0.736,-0.194,0.265,131.165,16.174,-102.844
0.738,-0.208,0.275,128.479,19.470,-91.797
0.746,-0.239,0.250,123.230,24.719,-82.092
0.756,-0.271,0.212,115.540,28.564,-72.754
0.748,-0.297,0.177,104.248,29.358,-61.401
0.733,-0.315,0.162,91.248,25.818,-48.889
0.746,-0.327,0.174,79.285,17.761,-36.438
0.730,-0.324,0.222,69.824,7.935,-22.400
0.711,-0.291,0.282,61.951,0.854,-7.446
0.699,-0.215,0.327,57.251,-2.014,5.920
0.696,-0.158,0.360,56.519,-0.610,17.212
0.695,-0.125,0.373,56.152,6.165,24.231
0.691,-0.111,0.347,49.133,15.137,25.757
0.676,-0.124,0.275,36.560,23.499,25.085
0.667,-0.169,0.185,22.339,29.541,24.719
0.672,-0.216,0.120,7.324,29.175,27.222
0.659,-0.235,0.094,-8.423,21.790,35.034
0.658,-0.231,0.089,-23.254,13.123,47.668
0.637,-0.226,0.107,-36.255,5.798,60.669
0.631,-0.230,0.126,-47.546,1.282,71.228
0.617,-0.253,0.136,-58.716,-0.488,79.895
0.556,-0.308,0.142,-69.458,-0.549,87.036
0.604,-0.401,0.113,-80.933,1.160,92.957
0.565,-0.507,0.116,-91.675,0.671,101.318
0.500,-0.635,0.122,-104.309,-0.732,114.502
0.574,-0.785,0.116,-117.371,-2.747,129.395
0.500,-0.950,0.191,-129.333,-5.432,148.682
0.412,-1.188,0.280,-144.165,-2.991,170.227
0.450,-1.344,0.286,-167.297,6.653,192.810
0.258,-1.365,0.280,-191.528,28.381,230.347
-0.027,-1.265,0.170,-208.008,62.744,279.541
-0.250,-1.094,-0.085,-202.637,100.708,335.937
-0.505,-0.860,-0.356,-166.565,128.113,401.917
-0.752,-0.570,-0.528,-114.990,129.456,464.111
-0.880,-0.162,-0.536,-72.632,98.877,511.841
-1.128,0.419,-0.384,-44.983,38.696,558.777
-1.211,0.991,-0.151,-21.606,-24.353,597.717
-1.230,1.572,0.078,0.549,-59.082,608.032
-1.258,2.121,0.298,25.391,-67.749,585.266
-1.178,2.452,0.459,45.776,-59.326,536.438
-1.098,2.636,0.515,38.391,-38.147,464.661
-1.138,2.818,0.460,-3.967,-10.315,380.493
-1.186,2.953,0.320,-58.472,10.376,304.321
-1.174,3.037,0.124,-99.731,20.508,242.126
-1.114,3.016,0.001,-115.356,19.165,188.965
-1.022,2.930,0.012,-121.887,4.700,140.442
-0.953,2.873,0.137,-140.076,-14.954,100.342
-0.859,2.845,0.240,-161.926,-22.095,68.420
-0.839,2.780,0.344,-170.837,-17.761,38.940
-0.773,2.664,0.436,-166.687,-12.634,9.766
-0.685,2.524,0.547,-157.837,-5.127,-17.151
-0.613,2.414,0.661,-151.550,6.653,-38.391
-0.504,2.329,0.736,-147.034,24.963,-56.091
-0.426,2.235,0.668,-140.503,51.331,-75.745
-0.425,2.152,0.405,-129.700,91.553,-95.947
-0.414,2.033,0.076,-109.070,132.141,-116.150
-0.409,1.880,-0.155,-86.853,145.203,-136.292
-0.362,1.690,-0.275,-80.566,127.136,-150.208
-0.230,1.490,-0.308,-97.473,95.093,-158.752
-0.164,1.343,-0.291,-129.028,64.697,-162.781
-0.055,1.218,-0.244,-157.043,41.443,-169.250
-0.009,1.068,-0.187,-171.936,27.222,-174.500
0.019,0.924,-0.164,-177.063,24.841,-173.279
0.061,0.818,-0.155,-178.101,28.931,-166.443
0.076,0.765,-0.137,-176.208,32.288,-154.968
0.094,0.752,-0.136,-172.729,37.476,-141.052
0.097,0.763,-0.170,-170.532,49.500,-129.211
0.078,0.779,-0.238,-169.678,65.308,-122.620
0.001,0.758,-0.330,-168.091,80.933,-120.422
-0.059,0.698,-0.454,-164.612,94.177,-120.972
-0.057,0.626,-0.597,-158.142,98.083,-121.155
-0.081,0.552,-0.721,-148.987,91.492,-118.103
-0.087,0.507,-0.830,-139.648,80.627,-111.267
-0.064,0.487,-0.911,-131.409,64.514,-101.501
-0.058,0.467,-0.944,-123.291,44.250,-90.759
-0.052,0.462,-0.945,-120.422,27.893,-83.008
-0.035,0.456,-0.930,-124.146,14.038,-77.698
-0.034,0.457,-0.905,-131.348,3.052,-74.890
-0.025,0.448,-0.870,-136.475,-4.089,-74.219
-0.031,0.424,-0.805,-136.719,-10.681,-76.904
-0.062,0.410,-0.737,-133.545,-16.846,-78.735
-0.039,0.387,-0.698,-130.737,-20.142,-78.857
-0.020,0.334,-0.675,-127.991,-21.667,-81.543
0.003,0.252,-0.665,-122.742,-22.766,-87.463
0.019,0.141,-0.650,-112.366,-23.682,-94.666
0.027,0.028,-0.637,-99.365,-23.743,-98.999
0.033,-0.078,-0.637,-85.083,-23.010,-97.717
0.035,-0.152,-0.642,-70.740,-21.240,-90.454
0.062,-0.191,-0.651,-57.434,-22.705,-79.102
0.083,-0.234,-0.633,-46.570,-27.161,-65.857
0.093,-0.252,-0.610,-42.908,-30.151,-52.002
0.065,-0.243,-0.572,-45.776,-32.776,-39.063
0.104,-0.220,-0.550,-48.706,-31.433,-27.100
0.121,-0.193,-0.563,-47.180,-27.832,-17.822
0.091,-0.191,-0.575,-38.269,-28.198,-13.184
0.129,-0.236,-0.582,-26.062,-26.367,-11.047
0.162,-0.286,-0.596,-17.761,-23.743,-8.179
0.186,-0.361,-0.619,-14.893,-25.696,-4.333
0.219,-0.455,-0.621,-15.381,-29.419,0.549
0.202,-0.560,-0.631,-21.301,-31.006,7.446
0.248,-0.651,-0.696,-30.945,-30.701,18.982
0.198,-0.782,-0.751,-38.879,-32.288,33.386
0.244,-0.987,-0.847,-43.213,-30.823,49.438
0.324,-1.217,-0.941,-48.157,-34.729,65.796
0.262,-1.491,-0.928,-46.448,-44.739,85.815
0.287,-1.785,-0.876,-31.860,-56.824,112.671
0.115,-1.971,-0.752,-4.211,-65.430,154.114
-0.203,-2.026,-0.624,34.851,-55.786,217.529
-0.478,-1.924,-0.562,81.604,-36.438,302.368
-0.838,-1.525,-0.515,133.789,-28.503,408.203
-1.119,-0.971,-0.420,189.514,-36.255,514.343
-1.443,-0.304,-0.229,228.638,-50.903,588.806
-1.698,0.479,-0.036,240.723,-65.125,635.864
-1.913,1.310,0.154,239.929,-81.604,675.354
-2.204,2.144,0.325,236.755,-92.773,702.698
-2.283,2.882,0.377,218.079,-88.196,705.200
-2.024,3.518,0.254,174.927,-66.467,655.518
-2.109,3.843,0.225,133.728,-58.594,565.857
-1.909,3.999,0.182,103.638,-57.861,443.298
0.500,-0.950,0.191,-129.333,-5.432,148.682
0.412,-1.188,0.280,-144.165,-2.991,170.227
0.450,-1.344,0.286,-167.297,6.653,192.810
0.258,-1.365,0.280,-191.528,28.381,230.347
-0.027,-1.265,0.170,-208.008,62.744,279.541
-0.250,-1.094,-0.085,-202.637,100.708,335.937
-0.505,-0.860,-0.356,-166.565,128.113,401.917
-0.752,-0.570,-0.528,-114.990,129.456,464.111
-0.880,-0.162,-0.536,-72.632,98.877,511.841
-1.128,0.419,-0.384,-44.983,38.696,558.777
-1.211,0.991,-0.151,-21.606,-24.353,597.717
-1.230,1.572,0.078,0.549,-59.082,608.032
-1.258,2.121,0.298,25.391,-67.749,585.266
-1.178,2.452,0.459,45.776,-59.326,536.438
0.406,-0.163,-0.483,-51.086,13.123,-69.580
0.390,-0.175,-0.542,-58.411,24.170,-57.861
0.375,-0.185,-0.611,-63.293,32.349,-47.363
0.355,-0.200,-0.666,-62.683,35.461,-37.537
0.324,-0.212,-0.706,-59.326,34.424,-27.710
0.302,-0.243,-0.740,-55.176,31.494,-17.761
0.292,-0.291,-0.757,-51.086,25.024,-8.179
0.302,-0.353,-0.751,-47.913,15.015,2.014
0.283,-0.399,-0.733,-47.363,6.775,13.855
0.278,-0.445,-0.730,-45.654,3.601,27.649
0.259,-0.496,-0.724,-40.649,1.526,41.626
0.217,-0.545,-0.739,-33.813,0.732,57.251
0.133,-0.616,-0.786,-27.954,0.854,75.378
0.074,-0.744,-0.878,-24.048,-1.038,94.421
0.133,-0.921,-1.025,-24.963,-9.216,112.915
0.212,-1.137,-1.144,-24.536,-26.367,133.911
0.093,-1.339,-1.206,-15.686,-46.021,158.447
-0.016,-1.510,-1.265,6.226,-55.054,191.772
-0.240,-1.562,-1.264,41.870,-65.063,240.967
-0.628,-1.483,-1.208,86.426,-82.642,309.082
-0.994,-1.271,-1.059,132.996,-107.483,386.658
-1.203,-0.853,-0.799,177.612,-150.940,463.806
-1.509,-0.256,-0.337,214.294,-210.388,539.246
-1.672,0.430,0.134,236.572,-252.625,598.083
-1.684,1.215,0.508,249.084,-266.724,636.719
-1.761,1.946,0.844,264.465,-263.184,660.828
-1.749,2.450,1.068,270.081,-229.248,662.537
-1.552,2.684,1.004,241.943,-157.654,629.028
-1.523,2.840,0.869,194.031,-82.947,551.025
-1.455,2.919,0.676,155.273,-26.306,430.725
-1.497,2.924,0.582,134.766,-13.306,315.430
-1.347,2.931,0.517,111.267,-26.367,230.774
-1.230,2.907,0.524,78.735,-40.466,174.500
-1.030,2.846,0.507,42.908,-40.283,127.197
-0.857,2.653,0.498,13.306,-31.067,74.219
-0.775,2.393,0.432,-9.949,-14.709,19.348
-0.716,2.115,0.294,-26.794,10.010,-25.879
-0.606,1.852,0.177,-31.677,37.964,-59.326
-0.470,1.619,0.064,-29.907,60.608,-81.665
-0.397,1.423,-0.053,-26.550,67.871,-92.224
-0.329,1.232,-0.175,-22.644,62.866,-95.154
-0.255,1.085,-0.299,-18.311,53.040,-91.858
-0.203,0.991,-0.387,-12.024,38.513,-84.595
-0.143,0.920,-0.408,-1.465,19.226,-74.890
-0.109,0.861,-0.356,8.972,-0.854,-61.401
-0.043,0.864,-0.278,14.465,-14.587,-44.861
-0.023,0.887,-0.212,18.005,-17.822,-29.846
0.000,0.892,-0.164,23.010,-14.038,-21.057
-0.006,0.890,-0.143,27.466,-6.714,-18.555
-0.023,0.890,-0.145,29.846,0.488,-15.747
-0.032,0.906,-0.148,32.715,5.615,-10.315
-0.054,0.921,-0.136,36.682,8.850,-5.310
-0.062,0.924,-0.109,39.795,10.864,-2.380
-0.045,0.919,-0.079,38.513,12.695,-1.099
-0.073,0.907,-0.043,33.569,15.747,-0.183
-0.099,0.891,-0.017,28.809,19.775,0.732
-0.118,0.850,0.014,27.710,24.475,0.366
-0.089,0.798,0.055,28.442,29.724,0.122
-0.100,0.767,0.089,28.870,35.156,3.723
-0.149,0.803,0.050,29.663,45.654,10.986
-0.191,0.869,-0.050,37.903,64.697,21.729
-0.228,0.943,-0.178,55.054,79.956,31.555
-0.255,1.016,-0.298,72.205,81.299,37.476
-0.280,1.086,-0.363,81.909,67.322,38.696
-0.295,1.134,-0.376,77.698,45.349,36.560
-0.285,1.159,-0.350,56.396,20.081,31.189
-0.292,1.166,-0.297,22.583,-2.869,22.461
-0.284,1.158,-0.247,-14.221,-18.982,11.169
-0.274,1.131,-0.195,-41.626,-29.602,-0.488
-0.269,1.082,-0.131,-49.622,-35.767,-10.010
-0.266,1.015,-0.057,-38.879,-37.964,-15.808
-0.248,0.957,0.012,-20.752,-36.072,-16.296
-0.247,0.943,0.055,-4.456,-27.832,-11.536
-0.247,0.974,0.056,7.568,-14.648,-4.395
-0.254,1.025,0.009,15.869,-1.160,1.648
-0.262,1.070,-0.070,21.240,10.742,2.380
-0.264,1.079,-0.143,24.658,17.822,-1.404
-0.262,1.055,-0.185,23.437,17.456,-6.897
-0.254,1.019,-0.196,16.602,12.085,-10.986
-0.264,1.003,-0.205,6.226,6.104,-12.512
-0.263,1.014,-0.235,-0.610,2.747,-11.841
-0.248,1.014,-0.250,0.183,-1.099,-11.658
-0.234,0.996,-0.217,6.165,-7.202,-12.268
-0.217,0.970,-0.155,8.972,-13.550,-13.000
-0.211,0.954,-0.104,6.348,-15.137,-11.902
-0.203,0.948,-0.084,3.052,-11.902,-10.315
-0.203,0.954,-0.085,3.784,-6.836,-8.240
-0.212,0.966,-0.090,8.789,-2.197,-5.798
-0.213,0.986,-0.101,15.564,2.075,-1.831
-0.209,1.009,-0.102,19.775,3.967,0.671
-0.207,1.020,-0.093,21.118,3.845,1.099
-0.205,1.026,-0.083,19.287,3.845,0.122
-0.217,1.046,-0.088,15.991,5.920,-1.160
-0.235,1.079,-0.108,15.320,8.118,-1.709
-0.243,1.113,-0.132,19.592,8.972,-1.465
-0.244,1.124,-0.138,24.719,7.019,-2.991
-0.250,1.111,-0.132,24.414,3.235,-6.348
-0.244,1.094,-0.127,16.663,-0.488,-10.559
-0.237,1.083,-0.120,5.981,-3.723,-13.367
-0.234,1.075,-0.105,-1.770,-7.019,-14.832
-0.232,1.078,-0.079,-2.625,-9.094,-14.465
-0.236,1.095,-0.047,1.709,-10.132,-13.672
-0.242,1.126,-0.016,9.521,-9.399,-12.146
-0.244,1.170,-0.002,17.639,-6.958,-11.292
-0.241,1.200,0.001,25.574,-3.479,-13.123
0.058,0.749,-0.177,-92.834,-29.419,-144.836
0.090,0.663,-0.191,-98.083,-25.146,-140.991
0.104,0.602,-0.230,-104.248,-18.127,-135.742
0.122,0.523,-0.291,-108.887,-9.338,-130.981
0.130,0.440,-0.352,-113.098,-4.211,-128.784
0.141,0.355,-0.407,-117.249,-2.014,-125.366
0.147,0.290,-0.456,-120.361,-2.014,-116.943
0.135,0.230,-0.493,-122.009,-4.089,-105.774
0.140,0.196,-0.516,-121.887,-6.409,-94.604
0.161,0.178,-0.526,-119.629,-10.925,-83.313
0.176,0.160,-0.524,-117.310,-15.747,-70.862
0.167,0.142,-0.535,-119.629,-15.442,-61.096
0.157,0.110,-0.567,-124.451,-10.315,-55.664
0.163,0.057,-0.610,-128.723,-5.615,-54.077
0.159,-0.010,-0.652,-131.042,-3.906,-51.208
0.144,-0.088,-0.706,-133.179,-3.113,-45.776
0.131,-0.170,-0.777,-135.254,-1.221,-38.452
0.123,-0.244,-0.837,-135.986,-1.343,-29.663
0.093,-0.311,-0.876,-133.240,-5.798,-17.395
0.052,-0.382,-0.900,-127.380,-12.390,-4.456
0.060,-0.472,-0.917,-117.126,-20.142,7.812
0.052,-0.577,-0.933,-104.675,-30.640,20.020
0.030,-0.692,-0.971,-89.783,-40.771,32.043
0.058,-0.854,-1.031,-70.435,-49.194,42.542
0.074,-1.023,-1.074,-45.715,-59.143,57.922
0.013,-1.190,-1.068,-15.808,-71.777,78.674
0.038,-1.329,-1.057,17.456,-82.825,105.774
0.030,-1.422,-0.987,53.650,-95.703,142.151
-0.063,-1.452,-0.881,88.989,-104.004,185.852
-0.200,-1.391,-0.767,117.065,-103.149,233.459
-0.393,-1.127,-0.645,137.695,-102.661,284.485
-0.548,-0.749,-0.546,157.898,-109.192,340.027
-0.632,-0.313,-0.457,174.622,-117.798,387.695
-0.704,0.146,-0.340,176.758,-124.512,417.175
-0.777,0.619,-0.188,166.138,-130.371,428.955
-0.839,1.069,-0.020,153.320,-132.629,428.345
-0.895,1.481,0.123,144.836,-126.953,419.006
-0.963,1.879,0.253,138.733,-111.267,401.245
-1.031,2.285,0.353,132.690,-90.515,376.587
-1.065,2.672,0.397,125.916,-74.463,347.656
-0.960,2.952,0.350,115.723,-60.242,310.791
-0.911,3.085,0.263,97.534,-44.739,259.827
-0.666,3.147,0.010,76.172,-19.287,187.988
-0.579,2.849,-0.111,68.115,-10.559,100.098
-0.466,2.423,-0.125,57.556,-13.977,27.832
-0.387,2.109,-0.165,35.461,-7.996,-5.371
-0.297,1.872,-0.266,24.475,0.916,-15.564
-0.250,1.651,-0.313,33.752,-5.432,-17.456
-0.197,1.524,-0.297,42.053,-18.494,-10.254
-0.140,1.493,-0.245,38.635,-28.381,-0.244
-0.088,1.507,-0.197,31.860,-32.166,4.578
-0.074,1.499,-0.174,31.494,-31.250,0.610
-0.044,1.448,-0.174,37.170,-24.475,-6.226
-0.001,1.396,-0.211,39.063,-14.832,-13.550
0.028,1.325,-0.244,37.964,-7.690,-21.912
0.059,1.238,-0.261,37.537,-3.235,-30.334
0.086,1.153,-0.267,38.757,0.977,-37.598
0.096,1.076,-0.265,43.518,5.310,-42.786
0.084,1.015,-0.286,52.002,10.925,-45.227
0.108,0.938,-0.321,61.523,17.761,-44.983
0.101,0.888,-0.350,63.965,20.203,-42.358
0.098,0.858,-0.360,59.570,16.663,-37.903
0.092,0.838,-0.334,55.786,9.949,-32.410
0.093,0.825,-0.288,53.833,4.028,-26.489
0.075,0.836,-0.238,53.406,1.587,-20.691
0.038,0.876,-0.205,54.688,2.136,-14.954
0.023,0.930,-0.198,57.922,4.883,-9.216
0.014,0.989,-0.195,58.533,6.775,-5.127
0.017,1.030,-0.203,51.086,7.324,-4.517
0.022,1.038,-0.219,37.903,7.507,-8.545
0.031,1.006,-0.235,23.376,6.531,-16.724
0.036,0.953,-0.247,10.559,4.150,-24.170
0.044,0.892,-0.259,1.221,2.258,-26.733
0.050,0.836,-0.262,-6.165,0.732,-24.963
0.060,0.807,-0.269,-13.367,-0.977,-20.935
0.067,0.794,-0.275,-16.357,-2.686,-15.198
0.072,0.788,-0.269,-13.550,-4.150,-9.216
0.067,0.793,-0.252,-6.653,-4.944,-3.357
0.039,0.844,-0.238,1.770,-3.906,2.930
0.024,0.905,-0.232,11.597,-1.526,10.010
0.017,0.960,-0.233,19.470,0.732,14.160
0.010,0.997,-0.239,23.376,2.380,12.817
-0.011,1.023,-0.240,22.217,4.211,8.911
-0.020,1.035,-0.243,18.066,4.456,4.761
-0.025,1.033,-0.253,13.977,3.784,0.671
-0.018,1.005,-0.269,11.780,4.028,-3.052
-0.019,0.962,-0.272,9.033,4.089,-6.042
-0.014,0.931,-0.275,4.272,2.869,-6.653
-0.022,0.922,-0.277,0.427,1.831,-4.822
-0.030,0.939,-0.278,1.648,0.671,-1.831
-0.030,0.961,-0.276,7.507,-0.916,1.831
-0.025,0.979,-0.272,14.038,-1.343,4.700
-0.023,1.000,-0.274,15.991,-1.038,5.127
-0.032,1.016,-0.281,14.343,0.061,3.540
-0.032,1.026,-0.286,13.000,0.061,1.587
-0.040,1.012,-0.272,12.817,-0.793,0.122
-0.029,1.010,-0.276,11.780,-1.587,-0.854
-0.027,1.007,-0.273,11.353,-1.648,-1.770
-0.017,1.000,-0.273,11.169,-2.197,-2.869
-0.012,0.990,-0.264,10.559,-2.625,-3.479
-0.008,0.972,-0.255,9.705,-3.113,-3.845
-0.005,0.966,-0.251,8.667,-2.869,-3.784
-0.007,0.972,-0.260,7.385,-2.258,-2.747
-0.005,0.981,-0.269,7.568,-1.282,-0.977
-0.006,0.981,-0.270,7.812,-1.770,-0.732
-0.007,0.981,-0.261,7.507,-3.113,-1.038
-0.005,0.986,-0.253,6.897,-4.089,-0.488
-0.002,0.993,-0.248,7.446,-4.211,0.671
-0.001,0.990,-0.244,8.911,-3.723,0.122
0.002,0.978,-0.251,11.719,-2.441,-0.244
0.012,0.960,-0.260,13.306,-1.343,-0.122
0.009,0.948,-0.257,12.512,-1.648,0.610
0.003,0.954,-0.246,9.949,-3.113,2.197
0.001,0.978,-0.231,9.277,-4.578,4.822
0.001,0.998,-0.221,10.681,-5.127,7.141
-0.000,1.021,-0.221,11.963,-3.906,7.996
-0.002,1.040,-0.229,10.864,-2.686,7.141
-0.005,1.049,-0.231,9.338,-2.686,5.310
-0.005,1.057,-0.237,7.996,-3.296,2.991
-0.024,1.115,0.296,-143.738,9.460,-145.325
0.007,1.013,0.277,-163.147,10.803,-154.724
0.027,0.913,0.262,-181.274,12.573,-160.583
0.048,0.842,0.232,-198.792,15.991,-162.720
0.085,0.794,0.180,-210.999,14.587,-161.682
0.124,0.739,0.134,-213.196,7.935,-160.950
0.103,0.682,0.135,-207.764,-4.456,-155.884
0.092,0.628,0.162,-203.369,-14.160,-144.226
0.118,0.618,0.190,-206.970,-11.230,-129.333
0.153,0.652,0.179,-215.515,1.892,-116.211
0.192,0.663,0.122,-220.276,17.639,-109.253
0.201,0.651,0.046,-217.651,32.593,-110.046
0.214,0.601,-0.042,-208.801,44.739,-112.793
0.229,0.535,-0.141,-198.059,55.176,-114.563
0.199,0.465,-0.227,-187.927,63.660,-115.723
0.142,0.396,-0.311,-178.833,69.885,-115.051
0.175,0.336,-0.409,-171.814,73.059,-111.023
0.189,0.302,-0.473,-164.917,68.237,-102.844
0.177,0.297,-0.500,-156.616,55.664,-91.370
0.183,0.299,-0.503,-146.484,41.504,-78.369
0.197,0.290,-0.501,-137.390,31.006,-68.176
0.201,0.266,-0.491,-131.836,27.954,-63.477
0.195,0.218,-0.484,-130.310,29.785,-62.317
0.186,0.143,-0.475,-132.141,33.020,-61.523
0.150,0.066,-0.487,-138.367,37.720,-58.044
0.163,-0.020,-0.524,-145.752,43.701,-50.659
0.166,-0.096,-0.554,-151.062,45.654,-40.649
0.179,-0.184,-0.573,-151.123,44.739,-28.992
0.170,-0.260,-0.587,-147.095,45.471,-16.418
0.143,-0.311,-0.651,-139.832,51.086,-2.319
0.104,-0.357,-0.772,-127.258,64.453,15.320
0.063,-0.401,-0.926,-109.497,78.735,34.546
0.007,-0.447,-1.073,-92.285,82.458,53.711
-0.045,-0.495,-1.223,-79.224,72.510,75.256
-0.121,-0.610,-1.361,-72.327,54.077,99.121
-0.164,-0.738,-1.536,-76.660,31.250,122.498
-0.220,-0.884,-1.809,-89.172,7.141,147.217
-0.212,-1.101,-2.125,-90.149,-19.775,173.096
-0.353,-1.320,-2.259,-65.186,-62.866,197.449
-0.763,-1.395,-2.185,-17.334,-119.812,225.159
-1.077,-1.402,-1.946,47.791,-186.401,269.714
-1.428,-1.250,-1.460,124.146,-278.442,345.581
-1.788,-0.804,-0.742,196.533,-377.319,443.909
-2.019,-0.091,-0.038,252.930,-452.026,526.611
-2.040,0.711,0.562,295.654,-499.756,588.196
-1.900,1.321,1.142,320.435,-502.808,627.869
-1.651,1.745,1.576,299.500,-436.462,631.165
-1.550,2.323,1.701,234.436,-317.444,594.177
-1.460,2.864,1.549,181.641,-198.975,531.067
-1.469,3.149,1.365,172.913,-114.502,458.008
-1.270,3.350,1.129,179.199,-58.044,377.258
-1.117,3.342,0.927,183.167,-27.100,284.363
-0.934,3.126,0.783,178.589,-14.282,179.321
-0.767,2.737,0.743,164.246,-10.864,78.247
-0.620,2.375,0.726,148.865,-2.686,4.395
-0.492,2.029,0.521,148.071,22.400,-47.791
-0.432,1.566,0.377,157.715,26.306,-66.345
-0.295,1.312,0.236,132.874,22.095,-52.734
-0.216,1.292,0.085,77.637,22.400,-30.396
-0.167,1.348,0.002,29.175,15.442,-19.470
-0.158,1.317,0.010,2.319,-1.038,-24.109
-0.139,1.286,0.010,-8.667,-13.245,-29.846
-0.124,1.214,0.061,-7.751,-25.208,-32.471
-0.097,1.171,0.097,-1.404,-30.823,-29.358
-0.079,1.163,0.131,10.315,-30.212,-24.658
-0.062,1.157,0.156,26.733,-25.757,-20.813
-0.030,1.166,0.152,40.588,-18.555,-18.188
-0.014,1.175,0.143,51.697,-11.292,-16.602
-0.002,1.187,0.139,59.753,-6.653,-17.212
-0.030,1.187,0.137,65.918,-2.197,-17.517
0.000,1.180,0.137,72.449,4.028,-19.653
-0.027,1.150,0.166,77.087,8.362,-23.682
-0.021,1.126,0.188,74.463,11.841,-27.405
-0.039,1.132,0.198,69.214,16.663,-29.541
-0.059,1.151,0.200,68.054,22.278,-29.480
-0.069,1.158,0.195,72.205,28.137,-29.602
-0.058,1.147,0.186,77.576,33.203,-32.532
-0.042,1.125,0.173,79.529,36.621,-37.048
-0.031,1.095,0.159,76.721,37.842,-42.908
-0.027,1.056,0.151,71.716,37.415,-48.340
-0.032,1.015,0.140,66.528,36.682,-51.697
-0.004,0.983,0.126,62.012,35.034,-52.673
0.011,0.970,0.118,59.937,31.860,-51.453
0.017,0.970,0.114,61.523,27.283,-49.744
0.026,0.964,0.119,66.101,21.851,-48.401
0.039,0.960,0.137,71.594,18.738,-47.546
0.045,0.945,0.155,75.378,17.456,-46.753
0.054,0.927,0.169,75.928,17.639,-47.607
0.069,0.893,0.178,74.829,19.958,-49.011
0.069,0.861,0.197,73.120,21.606,-50.354
0.074,0.829,0.208,68.970,23.682,-49.316
0.084,0.799,0.208,61.829,28.137,-45.288
0.080,0.781,0.206,53.467,32.166,-40.344
0.079,0.781,0.201,45.776,34.241,-36.255
0.066,0.796,0.199,41.931,33.997,-31.738
0.066,0.810,0.189,42.847,33.020,-25.879
0.072,0.825,0.181,46.997,32.227,-20.081
0.077,0.844,0.180,52.185,30.640,-15.747
0.076,0.874,0.188,57.495,27.710,-11.963
0.071,0.900,0.207,61.829,23.987,-9.216
0.086,0.916,0.223,65.186,20.447,-8.667
0.098,0.916,0.243,67.627,18.311,-10.376
0.115,0.894,0.262,69.702,17.151,-14.282
0.125,0.862,0.282,70.251,16.724,-19.714
0.129,0.834,0.301,70.007,17.578,-23.621
0.129,0.823,0.315,68.359,18.127,-24.841
0.141,0.818,0.322,67.749,18.555,-22.461
0.165,0.833,0.326,69.153,19.470,-18.799
0.180,0.842,0.348,73.792,21.362,-15.869
0.182,0.838,0.375,79.590,24.231,-16.296
0.180,0.835,0.395,84.290,27.893,-17.029
0.192,0.827,0.398,87.219,31.555,-16.602
0.218,0.818,0.401,91.492,34.302,-14.587
0.233,0.801,0.410,98.022,34.912,-12.573
0.226,0.788,0.427,106.873,35.706,-10.559
0.259,0.794,0.415,117.004,36.194,-9.155
0.280,0.806,0.411,132.263,36.743,-6.653
0.322,0.809,0.403,153.381,39.978,-4.578
0.389,0.870,0.371,180.054,45.471,-3.662